Usuario,ID del tweet,Contenido
JDOviedoA,1717585912295469062,Algunos sectores pol√≠ticos quieren impedir el desarrollo de la movilidad masiva de pasajeros en #Bogot√°.
JDOviedoA,1717635160961610119,RT @Azulindigo77: @JDOviedoA Votare por el mejor candidato @JDOviedoA
JDOviedoA,1717596274323607603,@JDOviedoA Votare por el mejor candidato @JDOviedoA
JDOviedoA,1716469529168294149,#Palworld is the open-world survival monster-catching game!
JDOviedoA,1717635153613258877,RT @jucear69: @JDOviedoA Oviedo Alcalde
JDOviedoA,1717501251787632905,@JDOviedoA Oviedo Alcalde
JDOviedoA,1717635112420913171,RT @¬°#Bogot√° debe saber que habr√° segunda vuelta!
JDOviedoA,1717497846528606382,¬°#Bogot√° debe saber que habr√° segunda vuelta!
JDOviedoA,1717633866251252100,RT @DanielSamperO: üëèüèªüëèüèªüëèüèªüëèüèª
JDOviedoA,1717393091886195021,üëèüèªüëèüèªüëèüèªüëèüèª
JDOviedoA,1717368108464181462,"A quienes me atacan por viejo les digo: si es para subir una nevera a un quinto piso seguramente no ser√© el indicado pero para llegar a la Alcald√≠a de Bogot√° tengo toda la experiencia, la capacidad intelectual y de trabajo para hacerlo de la mejor manera. üíúüí™üèª. Condenar a alguien como si fuera lo peor por ser una persona mayor es una estupidez."
JDOviedoA,1717628836978856444,RT @Apoyo a @jdoviedoa
JDOviedoA,1717626894747631808,Apoyo a @jdoviedoa
JDOviedoA,1717628346052251860,RT @OVIEDO SE REUNI√ì CON LAS MUJERES HACE UN PAR D D√çAS.Y DESTAC√ì EN SU CHARLA CON ELLAS LA NECESIDAD INMINENTE D DARLES SEGURIDAD.ESTAMOS DEMASIADO EXPUESTAS https://t.co/lNBUlk5FHj
JDOviedoA,1717603672236990566,OVIEDO SE REUNI√ì CON LAS MUJERES HACE UN PAR D D√çAS.Y DESTAC√ì EN SU CHARLA CON ELLAS LA NECESIDAD INMINENTE D DARLES SEGURIDAD.ESTAMOS DEMASIADO EXPUESTAS https://t.co/lNBUlk5FHj
JDOviedoA,1717628301290750409,RT @vanedelatorre: El camioncito ‚ù§Ô∏è https://t.co/FDA74B2GC4
JDOviedoA,1717613976832409690,El camioncito ‚ù§Ô∏è https://t.co/FDA74B2GC4
JDOviedoA,1717607428236169279,"RT @Conozca las propuestas de @JDOviedoA para Bogot√°, sus ideas y estrategias. Es conociendo c√≥mo puedes dar tu üó≥Ô∏è voto a la mejor opci√≥n. Investiga, no es con discursos que se solucionan los problemas de la ciudad üßê @FernanMartinez @amparopelaez @andresrengifo77 https://t.co/ViePo5sBfy"
JDOviedoA,1717596447892287965,"Conozca las propuestas de @JDOviedoA para Bogot√°, sus ideas y estrategias. Es conociendo c√≥mo puedes dar tu üó≥Ô∏è voto a la mejor opci√≥n. Investiga, no es con discursos que se solucionan los problemas de la ciudad üßê @FernanMartinez @amparopelaez @andresrengifo77 https://t.co/ViePo5sBfy"
JDOviedoA,1717607171376968137,RT @üó£Ô∏è @JDOviedoA  habl√≥ sobre la mega obra en el sector del estadio El Camp√≠n.
JDOviedoA,1717607021774795206,üó£Ô∏è @JDOviedoA  habl√≥ sobre la mega obra en el sector del estadio El Camp√≠n.
JDOviedoA,1717592794775097590,RT @JulianArdilaB: @lucaspom @CarlosFGalan @FicoGutierrez @alejoeder @robertoortizu Oviedo alcalde ü´∂üèºüòé
JDOviedoA,1717591394737357200,@lucaspom @CarlosFGalan @FicoGutierrez @alejoeder @robertoortizu Oviedo alcalde ü´∂üèºüòé
JDOviedoA,1717592400506270197,RT @üî¥#EnDirectoConLaGoye En el programa de #Todelar con @porrasdigital hablandoles a solo 3 d√≠as de la votaciones de mis propuestas y sobre como tendr√°n voz los animales este 2024 en el Concejo de Bogot√°
JDOviedoA,1717557277207437384,üî¥#EnDirectoConLaGoye En el programa de #Todelar con @porrasdigital hablandoles a solo 3 d√≠as de la votaciones de mis propuestas y sobre como tendr√°n voz los animales este 2024 en el Concejo de Bogot√°
JDOviedoA,1717590962833092802,"RT @Todos a votar por @JDOviedoA sin miedo, por la independencia y por menos clientelismo, es con ideas y uniendo a todos en un solo camino de soluciones que transformamos Bogot√°. Con toda por el cambio üí™üèº @AnFeRojas @gmedinaolarte https://t.co/xSfs8PloFZ"
JDOviedoA,1717346425615347821,"Todos a votar por @JDOviedoA sin miedo, por la independencia y por menos clientelismo, es con ideas y uniendo a todos en un solo camino de soluciones que transformamos Bogot√°. Con toda por el cambio üí™üèº @AnFeRojas @gmedinaolarte https://t.co/xSfs8PloFZ"
JDOviedoA,1717590942507565524,"RT @Con @JDOviedoA se busca romper la brecha de desigualdad de g√©nero, es el Alcalde que quiere unir a la gente desde la equidad y el valor tan importante que tienen nuestras mujeres en la sociedad. Sin miedo hay que votar por Oviedo. Porque es el cambio real para la ciudad üëèüëèüëè @amparopelaez @vanedelatorre @bedoya_myriam @VickyDavilaH"
JDOviedoA,1717515851849465872,"Con @JDOviedoA se busca romper la brecha de desigualdad de g√©nero, es el Alcalde que quiere unir a la gente desde la equidad y el valor tan importante que tienen nuestras mujeres en la sociedad. Sin miedo hay que votar por Oviedo. Porque es el cambio real para la ciudad üëèüëèüëè @amparopelaez @vanedelatorre @bedoya_myriam @VickyDavilaH"
JDOviedoA,1717590398837600558,RT @#Bogot√° necesita a alguien que le meta cabeza a los problemas y le ponga coraz√≥n para solucionarlos. ¬°Ese soy yo!
JDOviedoA,1717496129921687695,#Bogot√° necesita a alguien que le meta cabeza a los problemas y le ponga coraz√≥n para solucionarlos. ¬°Ese soy yo!
JDOviedoA,1717589994661986622,RT @La verdad es que #Bogot√° quiere y sabe que podemos estar mucho mejor. ¬°Y la soluci√≥n no es elegir a los mismos de siempre! #SonDatosYHayQueDarlos.
JDOviedoA,1717398659711562151,La verdad es que #Bogot√° quiere y sabe que podemos estar mucho mejor. ¬°Y la soluci√≥n no es elegir a los mismos de siempre! #SonDatosYHayQueDarlos.
JDOviedoA,1717589909827952860,RT @Algunos sectores pol√≠ticos quieren impedir el desarrollo de la movilidad masiva de pasajeros en #Bogot√°.
JDOviedoA,1717589726738231333,"RT @Hay que construir sobre lo construido. No hay m√°s espera, con @JDOviedoA el Metro debe ser una realidad, cambiar lo que se viene avanzando es un error y por eso hay que avanzar. El alcalde debe dar resultados efectivos. @CaracolRadio @vanedelatorre https://t.co/jeDuqBAPNB"
JDOviedoA,1717509775439565217,"Hay que construir sobre lo construido. No hay m√°s espera, con @JDOviedoA el Metro debe ser una realidad, cambiar lo que se viene avanzando es un error y por eso hay que avanzar. El alcalde debe dar resultados efectivos. @CaracolRadio @vanedelatorre https://t.co/jeDuqBAPNB"
JDOviedoA,1717544746762076351,"RT @#AlAire Juan Daniel Oviedo, candidato a la Alcald√≠a de Bogot√°, se conecta a esta hora en #Ma√±anasBlu"
JDOviedoA,1717538058252304752,"#AlAire Juan Daniel Oviedo, candidato a la Alcald√≠a de Bogot√°, se conecta a esta hora en #Ma√±anasBlu"
JDOviedoA,1717533767554740390,"RT @A quienes me atacan por viejo les digo: si es para subir una nevera a un quinto piso seguramente no ser√© el indicado pero para llegar a la Alcald√≠a de Bogot√° tengo toda la experiencia, la capacidad intelectual y de trabajo para hacerlo de la mejor manera. üíúüí™üèª. Condenar a alguien como si fuera lo peor por ser una persona mayor es una estupidez."
JDOviedoA,1717585912295469062,Algunos sectores pol√≠ticos quieren impedir el desarrollo de la movilidad masiva de pasajeros en #Bogot√°.
JDOviedoA,1717398659711562151,La verdad es que #Bogot√° quiere y sabe que podemos estar mucho mejor. ¬°Y la soluci√≥n no es elegir a los mismos de siempre! #SonDatosYHayQueDarlos.
JDOviedoA,1717496129921687695,#Bogot√° necesita a alguien que le meta cabeza a los problemas y le ponga coraz√≥n para solucionarlos. ¬°Ese soy yo!
JDOviedoA,1717497846528606382,¬°#Bogot√° debe saber que habr√° segunda vuelta!
JDOviedoA,1717497784545300574,RT @knataliag: Programaci√≥n Jueves 26 de Octubre üì∞üóûüì∞üóûüì∞üóû https://t.co/bZ4auq5rN9
JDOviedoA,1717496126960497079,Programaci√≥n Jueves 26 de Octubre üì∞üóûüì∞üóûüì∞üóû https://t.co/bZ4auq5rN9
JDOviedoA,1717387252093870182,RT @RevistaSemana: #ElDebateFinal - #YoVotoPor | Siga el debate aqu√≠:
JDOviedoA,1717363847470739889,#ElDebateFinal - #YoVotoPor | Siga el debate aqu√≠:
JDOviedoA,1717387161945682130,RT @La frase de @JDOviedoA
JDOviedoA,1717352008003276978,La frase de @JDOviedoA
JDOviedoA,1717386604451348894,RT @#Bogot√° merece un mandatario que tome decisiones de forma aut√≥noma y que respete a las personas que habitan nuestra ciudad.
JDOviedoA,1717343180444619158,#Bogot√° merece un mandatario que tome decisiones de forma aut√≥noma y que respete a las personas que habitan nuestra ciudad.
JDOviedoA,1717386445051039995,RT @¬°¬°Vamos @JDOviedoA !! Los Bo6otanos y las Bo6otanas merecemos tenerte como Alcalde ‚ù§Ô∏èüíõ
JDOviedoA,1717386200795812023,¬°¬°Vamos @JDOviedoA !! Los Bo6otanos y las Bo6otanas merecemos tenerte como Alcalde ‚ù§Ô∏èüíõ
JDOviedoA,1717385585856221373,RT @La frase de @JDOviedoA
JDOviedoA,1717363736124465622,La frase de @JDOviedoA
JDOviedoA,1717383318927216929,"RT @Un proyecto serio que busca solucionar los problemas m√°s que generar divisi√≥n pol√≠tica y polarizaci√≥n, eso es lo que ofrece @JDOviedoA para Bogot√°. Un cambio real, sin miedo y con muchas propuestas medibles y alcanzables @FernanMartinez https://t.co/yBlKlaR5HI"
JDOviedoA,1717381195149824240,"Un proyecto serio que busca solucionar los problemas m√°s que generar divisi√≥n pol√≠tica y polarizaci√≥n, eso es lo que ofrece @JDOviedoA para Bogot√°. Un cambio real, sin miedo y con muchas propuestas medibles y alcanzables @FernanMartinez https://t.co/yBlKlaR5HI"
JDOviedoA,1717383299226583422,RT @En 2019 vot√© por un Gal√°n a la Alcald√≠a. En esta ocasi√≥n apoyar√© a @JDOviedoA. Sus propuestas para la reactivaci√≥n del cr√©dito y dejar a Bol√≠var por fuera de la  segunda vuelta son razones poderosas.
JDOviedoA,1717284373219676183,En 2019 vot√© por un Gal√°n a la Alcald√≠a. En esta ocasi√≥n apoyar√© a @JDOviedoA. Sus propuestas para la reactivaci√≥n del cr√©dito y dejar a Bol√≠var por fuera de la  segunda vuelta son razones poderosas.
JDOviedoA,1717383214757560503,"RT @Definitivamente @JDOviedoA no solo es un fen√≥meno electoral, en debates como hoy queda claro que es un pol√≠tico estructurado, con criterio y car√°cter. Sin titubeos, de frente y con la verdad. Ese cuentico de que ‚Äúahora ataca‚Äù es carreta. Confronta ideas desde el respeto. ¬°Bien!"
JDOviedoA,1717374403825000769,"Definitivamente @JDOviedoA no solo es un fen√≥meno electoral, en debates como hoy queda claro que es un pol√≠tico estructurado, con criterio y car√°cter. Sin titubeos, de frente y con la verdad. Ese cuentico de que ‚Äúahora ataca‚Äù es carreta. Confronta ideas desde el respeto. ¬°Bien!"
JDOviedoA,1717373276484206951,RT @La frase de @JDOviedoA
JDOviedoA,1717362187482943805,La frase de @JDOviedoA
JDOviedoA,1717372868177101223,"RT @Nosotros somos plurales, sabemos sumar alrededor de las ideas. #Bogot√° merece recuperar esa esperanza, tener certeza y la oportunidad de resolver sin politizar."
JDOviedoA,1717315182723002799,"Nosotros somos plurales, sabemos sumar alrededor de las ideas. #Bogot√° merece recuperar esa esperanza, tener certeza y la oportunidad de resolver sin politizar."
JDOviedoA,1717372823012790385,RT @@petrogustavo No podemos esperar que los mismos de siempre hagan las cosas de manera distinta.
JDOviedoA,1717353242118541657,@petrogustavo No podemos esperar que los mismos de siempre hagan las cosas de manera distinta.
JDOviedoA,1717372811386257415,"RT @@petrogustavo Este 29 de octubre, #Bogot√° tiene la posibilidad de elegir a alguien que propone, que resuelve, que es garant√≠a de cumplimiento."
JDOviedoA,1717347341844312468,"@petrogustavo Este 29 de octubre, #Bogot√° tiene la posibilidad de elegir a alguien que propone, que resuelve, que es garant√≠a de cumplimiento."
JDOviedoA,1717372785469583865,"RT @#Aqu√≠Seguimos, ahora en @RevistaSemana presentando nuestras propuestas y ratificando nuestro compromiso: ni politiqueros, ni mensajeros. Nosotros vamos a hacer las cosas bien, ¬°con propuestas y soluciones!"
JDOviedoA,1717334786115620908,"#Aqu√≠Seguimos, ahora en @RevistaSemana presentando nuestras propuestas y ratificando nuestro compromiso: ni politiqueros, ni mensajeros. Nosotros vamos a hacer las cosas bien, ¬°con propuestas y soluciones!"
JDOviedoA,1700572733577253285,Almost $1M trading volume in 24hrs
JDOviedoA,1717585912295469062,Algunos sectores pol√≠ticos quieren impedir el desarrollo de la movilidad masiva de pasajeros en #Bogot√°.
JDOviedoA,1717334786115620908,"#Aqu√≠Seguimos, ahora en @RevistaSemana presentando nuestras propuestas y ratificando nuestro compromiso: ni politiqueros, ni mensajeros. Nosotros vamos a hacer las cosas bien, ¬°con propuestas y soluciones!"
JDOviedoA,1717343180444619158,#Bogot√° merece un mandatario que tome decisiones de forma aut√≥noma y que respete a las personas que habitan nuestra ciudad.
JDOviedoA,1717347341844312468,"@petrogustavo Este 29 de octubre, #Bogot√° tiene la posibilidad de elegir a alguien que propone, que resuelve, que es garant√≠a de cumplimiento."
JDOviedoA,1717339692092338603,"RT @#ElDebateFinal - #YoVotoPor | ""Bogot√° merece decisiones que respeten las necesidades de los habitantes de Bogot√°"": @JDOviedoA"
JDOviedoA,1717339093405692010,"#ElDebateFinal - #YoVotoPor | ""Bogot√° merece decisiones que respeten las necesidades de los habitantes de Bogot√°"": @JDOviedoA"
JDOviedoA,1717331776119406617,"RT @. @JDOviedoA, el candidato ‚Äògomelo‚Äô a la Alcald√≠a de Bogot√° que navega entre todas las clases sociales"
JDOviedoA,1717331708067061778,". @JDOviedoA, el candidato ‚Äògomelo‚Äô a la Alcald√≠a de Bogot√° que navega entre todas las clases sociales"
JDOviedoA,1717315182723002799,"Nosotros somos plurales, sabemos sumar alrededor de las ideas. #Bogot√° merece recuperar esa esperanza, tener certeza y la oportunidad de resolver sin politizar."
JDOviedoA,1717293260979265946,"RT @¬°En #Bogot√° habr√° segunda vuelta! Mi invitaci√≥n es a que voten por las propuestas, sin miedo, nosotros queremos construir soluciones."
JDOviedoA,1717286813658751180,"¬°En #Bogot√° habr√° segunda vuelta! Mi invitaci√≥n es a que voten por las propuestas, sin miedo, nosotros queremos construir soluciones."
JDOviedoA,1717242579299807298,RT @#OviedoParaOreja en #Tunjuelito. Los ciudadanos hablan y @JDOviedoA toma nota!
JDOviedoA,1717240608023101650,#OviedoParaOreja en #Tunjuelito. Los ciudadanos hablan y @JDOviedoA toma nota!
JDOviedoA,1717206664816845023,RT @@JDOviedoA @La_Goye_ @SandraForeroR1 @ElJuliSastoque @juanchowills @LasernaBogota @samuel_arrietab @CarlosAndresRco #ObvioporOviedo esta ciudad y quienes la habitamos nos merecemos un Alcalde con Cabeza y Coraz√≥n!
JDOviedoA,1717180397518295205,@JDOviedoA @La_Goye_ @SandraForeroR1 @ElJuliSastoque @juanchowills @LasernaBogota @samuel_arrietab @CarlosAndresRco #ObvioporOviedo esta ciudad y quienes la habitamos nos merecemos un Alcalde con Cabeza y Coraz√≥n!
JDOviedoA,1717177715072041137,"RT @#PingPong con @JDOviedoA, esta vez con preguntas personales ü§ôüèº‚ö°Ô∏è"
JDOviedoA,1717158718020714730,"#PingPong con @JDOviedoA, esta vez con preguntas personales ü§ôüèº‚ö°Ô∏è"
JDOviedoA,1717177588278243461,"RT @¬øEn serio algunos insisten en seguir en lo mismo? ¬°Ni en la cama, ni con los mismos!"
JDOviedoA,1717172730276057255,"¬øEn serio algunos insisten en seguir en lo mismo? ¬°Ni en la cama, ni con los mismos!"
JDOviedoA,1717177553603944493,"RT @¬°Estamos listos! Listos para cumplirle a #Bogot√°, listos para recuperar confianza, listos para hacer las cosas bien y hablar con la verdad, listos para resolver."
JDOviedoA,1717141353006555305,"¬°Estamos listos! Listos para cumplirle a #Bogot√°, listos para recuperar confianza, listos para hacer las cosas bien y hablar con la verdad, listos para resolver."
JDOviedoA,1717026836138344538,"RT @@CarlosFGalan No nos dejemos enga√±ar, habr√° segunda vuelta en #Bogot√°. Y nosotros somos quienes vamos a derrotar al mensajero y a la politiquer√≠a."
JDOviedoA,1717026590998053059,"@CarlosFGalan No nos dejemos enga√±ar, habr√° segunda vuelta en #Bogot√°. Y nosotros somos quienes vamos a derrotar al mensajero y a la politiquer√≠a."
JDOviedoA,1717026789967446293,"RT @Seamos claros. Nosotros no tenemos ning√∫n acuerdo con @GustavoBolivar, ni ahora ni en segunda. No queremos un alcalde que sea mensajero del Presidente, por eso ¬°los vamos a derrotar!"
JDOviedoA,1716990800121188468,"Seamos claros. Nosotros no tenemos ning√∫n acuerdo con @GustavoBolivar, ni ahora ni en segunda. No queremos un alcalde que sea mensajero del Presidente, por eso ¬°los vamos a derrotar!"
JDOviedoA,1716987571048231011,"#Aqu√≠NoParamos: ahora estamos en #ElDebateDefinitivo, presentando nuestras propuestas y ¬°las soluciones para que #Bogot√° sea la ciudad de las oportunidades!"
JDOviedoA,1717006011691565435,@CarlosFGalan Nuestra #Bogot√° necesita soluciones y no m√°s politizaci√≥n. ¬°Nosotros vamos a tener una ciudad 24 horas para garantizar que la movilidad avance!
JDOviedoA,1717025923180933575,"RT @En esta campa√±a nos hemos cruzado con muchos nerd@s, en empresas, en universidades, en las calles, en tertulias. Gente que ama Bogot√° y quiere que sea una ciudad mejor. Gracias por el apoyo y por votar 4 para el Concejo.üåª"
JDOviedoA,1716979469175435390,"En esta campa√±a nos hemos cruzado con muchos nerd@s, en empresas, en universidades, en las calles, en tertulias. Gente que ama Bogot√° y quiere que sea una ciudad mejor. Gracias por el apoyo y por votar 4 para el Concejo.üåª"
JDOviedoA,1717025694750740732,"RT @Escuch√© muy bien a @JDOviedoA en el #ElDebateDefinitivo de @ELTIEMPO y @Citytv Preciso, serio, concreto, sin duda vamos a segunda vuelta!!!! , que opinan ? @AnFeRojas @gmedinaolarte @julianclavijoo https://t.co/ZX4Mqz3XRS"
JDOviedoA,1717024480583618699,"Escuch√© muy bien a @JDOviedoA en el #ElDebateDefinitivo de @ELTIEMPO y @Citytv Preciso, serio, concreto, sin duda vamos a segunda vuelta!!!! , que opinan ? @AnFeRojas @gmedinaolarte @julianclavijoo https://t.co/ZX4Mqz3XRS"
JDOviedoA,1717585912295469062,Algunos sectores pol√≠ticos quieren impedir el desarrollo de la movilidad masiva de pasajeros en #Bogot√°.
JDOviedoA,1717014611612803418,"RT @Holaaa, grabamos podcast con mi hermana Margarita, v√©anlo y me cuentan qu√© tal les parece üòâ"
JDOviedoA,1716973155409899752,"Holaaa, grabamos podcast con mi hermana Margarita, v√©anlo y me cuentan qu√© tal les parece üòâ"
JDOviedoA,1717014561046348043,RT @¬°#Bogot√° merece propuestas y soluciones! Vamos a hacer emisi√≥n de bonos verdes para iniciar procesos de ingeniera ecol√≥gica y aportar en la transici√≥n energ√©tica.
JDOviedoA,1716999891694584194,¬°#Bogot√° merece propuestas y soluciones! Vamos a hacer emisi√≥n de bonos verdes para iniciar procesos de ingeniera ecol√≥gica y aportar en la transici√≥n energ√©tica.
JDOviedoA,1717014523733737982,RT @@CarlosFGalan Nuestra #Bogot√° necesita soluciones y no m√°s politizaci√≥n. ¬°Nosotros vamos a tener una ciudad 24 horas para garantizar que la movilidad avance!
JDOviedoA,1717006011691565435,@CarlosFGalan Nuestra #Bogot√° necesita soluciones y no m√°s politizaci√≥n. ¬°Nosotros vamos a tener una ciudad 24 horas para garantizar que la movilidad avance!
JDOviedoA,1717014497762635834,"RT @#Bogot√° merece que se hagan las cosas bien. A diferencia de @CarlosFGalan, nosotros vamos a construir #SolucionesYA para que seamos la ciudad de las oportunidades."
JDOviedoA,1716995166559449388,"#Bogot√° merece que se hagan las cosas bien. A diferencia de @CarlosFGalan, nosotros vamos a construir #SolucionesYA para que seamos la ciudad de las oportunidades."
JDOviedoA,1717014453647036800,"RT @#Aqu√≠NoParamos: ahora estamos en #ElDebateDefinitivo, presentando nuestras propuestas y ¬°las soluciones para que #Bogot√° sea la ciudad de las oportunidades!"
JDOviedoA,1716987571048231011,"#Aqu√≠NoParamos: ahora estamos en #ElDebateDefinitivo, presentando nuestras propuestas y ¬°las soluciones para que #Bogot√° sea la ciudad de las oportunidades!"
JDOviedoA,1716999904558534872,RT @‚ÄúLa cultura ciudadana es fundamental para mejorar la convivencia entre ciclistas y veh√≠culos particulares para generar convivencia vial‚Äù
JDOviedoA,1716995040189313270,‚ÄúLa cultura ciudadana es fundamental para mejorar la convivencia entre ciclistas y veh√≠culos particulares para generar convivencia vial‚Äù
JDOviedoA,1716989414377758880,"RT @@Citytv @JDOviedoA @JERobledo üî¥ #ElDebateDefinitivo | ""El problema de seguridad requiere un enfoque integral, un enfoque gerencial que cambie el modelo operativo de la seguridad"": Juan Daniel Oviedo (@JDOviedoA)."
JDOviedoA,1716989050337300824,"@Citytv @JDOviedoA @JERobledo üî¥ #ElDebateDefinitivo | ""El problema de seguridad requiere un enfoque integral, un enfoque gerencial que cambie el modelo operativo de la seguridad"": Juan Daniel Oviedo (@JDOviedoA)."
JDOviedoA,1716953665796546692,RT @knataliag: Volanteando. Equipo Barrios Unidos. Firmes üíõ‚ù§Ô∏èüí™ https://t.co/bIdTpXU3Wu
JDOviedoA,1716951449513652733,Volanteando. Equipo Barrios Unidos. Firmes üíõ‚ù§Ô∏èüí™ https://t.co/bIdTpXU3Wu
JDOviedoA,1716934917270180061,RT @Yo los invito a evaluar la hoja de vida de @JDOviedoA. Adem√°s de la sensatez - tiene resultados tangibles en la gerencia de una entidad que no brill√≥ en el pasado. Su compromiso con la excelencia y su conocimiento de las herramientas del Estado son incomparables. Es EL candidato.
JDOviedoA,1716808665892556998,Yo los invito a evaluar la hoja de vida de @JDOviedoA. Adem√°s de la sensatez - tiene resultados tangibles en la gerencia de una entidad que no brill√≥ en el pasado. Su compromiso con la excelencia y su conocimiento de las herramientas del Estado son incomparables. Es EL candidato.
JDOviedoA,1716922053851598966,RT @albertmor: @nini1i1icolas0s @mendoza_ro95181 Votar√© por el mejor. @JDOviedoA
JDOviedoA,1716921934989209760,@nini1i1icolas0s @mendoza_ro95181 Votar√© por el mejor. @JDOviedoA
JDOviedoA,1716918089265402338,RT @Los Invito Cordialmente a votar este domingo 29 de octubre en primera vuelta por Nuestro Pr√≥ximo Alcalde @JDOviedoA
JDOviedoA,1716916689915494726,Los Invito Cordialmente a votar este domingo 29 de octubre en primera vuelta por Nuestro Pr√≥ximo Alcalde @JDOviedoA
JDOviedoA,1716916813089636423,RT @¬øPor cual de estos candidatos votar√≠as a la alcald√≠a de Bogot√°?
JDOviedoA,1716797163965964434,¬øPor cual de estos candidatos votar√≠as a la alcald√≠a de Bogot√°?
JDOviedoA,1716915003859870067,"RT @He podido compartir y conocer de cerca a @JDOviedoA y lo digo con absoluta certeza: no solo es un hombre brillante y muy preparado, es un gran tipo, una buena persona que genuinamente quiere el ser Alcalde y servirle a la ciudad. Tiene buen coraz√≥n, es aut√©ntico. Eso importa."
JDOviedoA,1716898892221145314,"He podido compartir y conocer de cerca a @JDOviedoA y lo digo con absoluta certeza: no solo es un hombre brillante y muy preparado, es un gran tipo, una buena persona que genuinamente quiere el ser Alcalde y servirle a la ciudad. Tiene buen coraz√≥n, es aut√©ntico. Eso importa."
JDOviedoA,1716867600268079475,"RT @@JDOviedoA Eso es lo m√°s importante para m√≠ sabes, porque muchas veces son m√°s agradecidos los peluditos que los humanos"
JDOviedoA,1716862148511416324,"@JDOviedoA Eso es lo m√°s importante para m√≠ sabes, porque muchas veces son m√°s agradecidos los peluditos que los humanos"
JDOviedoA,1717585912295469062,Algunos sectores pol√≠ticos quieren impedir el desarrollo de la movilidad masiva de pasajeros en #Bogot√°.
JDOviedoA,1716851474720862532,"RT @El poligrafo no es una forma de garantizar la verdad, pero que de todos los candidatos √∫nicamente @JDOviedoA  haya cumplido el compromiso de someterse al poligrafo dice bastante de qui√©n es √©l y de lo que carecen los otros."
JDOviedoA,1716851408274657539,"El poligrafo no es una forma de garantizar la verdad, pero que de todos los candidatos √∫nicamente @JDOviedoA  haya cumplido el compromiso de someterse al poligrafo dice bastante de qui√©n es √©l y de lo que carecen los otros."
JDOviedoA,1716850614443872719,"RT @@JDOviedoA es un ser humano extraordinario. Es hecho a pulso, luchando por hacer lo mejor de cada oportunidad que le ha dado la vida y su esfuerzo. Qu√© suerte tenerlo de candidato para la alcald√≠a. Pocas veces alguien tan competente se presenta a estos retos. Aprovechemos."
JDOviedoA,1716810538280468591,"@JDOviedoA es un ser humano extraordinario. Es hecho a pulso, luchando por hacer lo mejor de cada oportunidad que le ha dado la vida y su esfuerzo. Qu√© suerte tenerlo de candidato para la alcald√≠a. Pocas veces alguien tan competente se presenta a estos retos. Aprovechemos."
JDOviedoA,1716849828427141494,RT @leandsol: @JDOviedoA este se√±or es buen candidato
JDOviedoA,1716849272983871672,@JDOviedoA este se√±or es buen candidato
JDOviedoA,1716847122106941877,"RT @Hablar con verdad es una cualidad que pocos tienen en sus discursos pol√≠ticos, que sea verificable es algo tambi√©n dif√≠cil. Pero hombres como @JDOviedoA quien fue el √∫nico candidato que va adelante en las encuestas y decidi√≥ med√≠rsele a un poligr√°fo (detector de mentiras) , muestran sus cualidades y su talante. Es la mejor opci√≥n para Bogot√°. #SinCarreta. @bedoya_myriam @amparopelaez @FernanMartinez"
JDOviedoA,1716774670857327052,"Hablar con verdad es una cualidad que pocos tienen en sus discursos pol√≠ticos, que sea verificable es algo tambi√©n dif√≠cil. Pero hombres como @JDOviedoA quien fue el √∫nico candidato que va adelante en las encuestas y decidi√≥ med√≠rsele a un poligr√°fo (detector de mentiras) , muestran sus cualidades y su talante. Es la mejor opci√≥n para Bogot√°. #SinCarreta. @bedoya_myriam @amparopelaez @FernanMartinez"
JDOviedoA,1716846050617569390,"RT @#Bogot√° merece m√°s seguridad. Con autoridad, nosotros vamos a combatir el microtr√°fico."
JDOviedoA,1716818217547760080,"#Bogot√° merece m√°s seguridad. Con autoridad, nosotros vamos a combatir el microtr√°fico."
JDOviedoA,1716817540390035888,RT @¬°Una nueva adhesi√≥n llega a #ConTodaPorBogot√°!
JDOviedoA,1716788078461714830,¬°Una nueva adhesi√≥n llega a #ConTodaPorBogot√°!
JDOviedoA,1716781791170687006,"RT @1967SandraPatri: @JDOviedoA Adelante Daniel , falta poco üëèüëèüëèüôèüôèüôè"
JDOviedoA,1716781704075993492,"@JDOviedoA Adelante Daniel , falta poco üëèüëèüëèüôèüôèüôè"
JDOviedoA,1716778314084282617,"RT @üó≥Ô∏è Juan Daniel Oviedo habla en @1sincarreta sobre una nueva c√°rcel en Bogot√° para resolver la congesti√≥n carcelaria. Tambi√©n, propone usar espacio debajo de TransMilenio, ¬ømetro elevado un foco de inseguridad?"
JDOviedoA,1716635029936165298,"üó≥Ô∏è Juan Daniel Oviedo habla en @1sincarreta sobre una nueva c√°rcel en Bogot√° para resolver la congesti√≥n carcelaria. Tambi√©n, propone usar espacio debajo de TransMilenio, ¬ømetro elevado un foco de inseguridad?"
JDOviedoA,1716638703894839446,"RT @Mi voto para Alcalde para Bogota es por Juan Daniel Oviedo @JDOviedoA y para el Concejo por Diego Laserna @LasernaBogota, creo que, adem√°s de profesionales, trasparentes e √≠ntegros para ocupar esos cargos, son buenas personas. https://t.co/w2qhM2MxPT"
JDOviedoA,1715725263718293975,"Mi voto para Alcalde para Bogota es por Juan Daniel Oviedo @JDOviedoA y para el Concejo por Diego Laserna @LasernaBogota, creo que, adem√°s de profesionales, trasparentes e √≠ntegros para ocupar esos cargos, son buenas personas. https://t.co/w2qhM2MxPT"
JDOviedoA,1716615852760645777,RT @SPINILLAP: @JDOviedoA mi voto con  cabeza y mucho coraz√≥n
JDOviedoA,1716615775740383731,@JDOviedoA mi voto con  cabeza y mucho coraz√≥n
JDOviedoA,1716615482294280515,RT @Ainhoa44203827: @JDOviedoA @Bogota Ser√° una graaan semana‚òÄÔ∏èüåªüí™
JDOviedoA,1716404022360363455,@JDOviedoA @Bogota Ser√° una graaan semana‚òÄÔ∏èüåªüí™
JDOviedoA,1716615369962738172,"RT @Bogot√° 24 horas , extraordinaria propuesta de @JDOviedoA , tener una ciudad con econom√≠a activa las 24 horas favorece el empleo, el comercio y activa un sector importante de los artistas y los empresarios  que se refleja en progreso, es una oportunidad interesante para disminuir √©l desempleo, mejorar la movilidad y fortalecer el desarrollo social @amparopelaez @FernanMartinez @ActoresSCG @SaycoOficial"
JDOviedoA,1716603450706862275,"Bogot√° 24 horas , extraordinaria propuesta de @JDOviedoA , tener una ciudad con econom√≠a activa las 24 horas favorece el empleo, el comercio y activa un sector importante de los artistas y los empresarios  que se refleja en progreso, es una oportunidad interesante para disminuir √©l desempleo, mejorar la movilidad y fortalecer el desarrollo social @amparopelaez @FernanMartinez @ActoresSCG @SaycoOficial"
JDOviedoA,1716615323640791351,RT @iSebas7: @JDOviedoA @Bogota H√°gale con toda que Bogot√° lo necesita!!
JDOviedoA,1716464727348445236,@JDOviedoA @Bogota H√°gale con toda que Bogot√° lo necesita!!
JDOviedoA,1716579496164278777,RT @ElsaColmenaresD: @nacional_memes @GustavoBolivar @JDOviedoA Oviedo
JDOviedoA,1716550150879891890,@nacional_memes @GustavoBolivar @JDOviedoA Oviedo
JDOviedoA,1716579400274034901,RT @CxRamirezMiguel: @nacional_memes @GustavoBolivar @JDOviedoA #ObvioPorOviedo https://t.co/OFioGbn5tK
JDOviedoA,1716572703543398735,@nacional_memes @GustavoBolivar @JDOviedoA #ObvioPorOviedo https://t.co/OFioGbn5tK
JDOviedoA,1716577928786383066,RT @vanedelatorre: #VotoPor
JDOviedoA,1716456654495985758,#VotoPor
JDOviedoA,1716456236349059217,@DanielSamperO #VotoPor @JDOviedoA el mejor candidato para asumir la alcald√≠a de Bogot√°!
JDOviedoA,1716577834418765935,RT @knataliag: Equipo Barrios Unidos. üí™üì∞üóûüì∞üóûüíñ https://t.co/lLI9VxFItz
JDOviedoA,1716577131512148258,Equipo Barrios Unidos. üí™üì∞üóûüì∞üóûüíñ https://t.co/lLI9VxFItz
JDOviedoA,1716571120973808037,"RT @#SonDatosYHayQueDarlos: Este 29 de octubre no voten por miedo, ni por reelegir a @petrogustavo."
JDOviedoA,1716556984470720847,"#SonDatosYHayQueDarlos: Este 29 de octubre no voten por miedo, ni por reelegir a @petrogustavo."
JDOviedoA,1717585912295469062,Algunos sectores pol√≠ticos quieren impedir el desarrollo de la movilidad masiva de pasajeros en #Bogot√°.
JDOviedoA,1716556984470720847,"#SonDatosYHayQueDarlos: Este 29 de octubre no voten por miedo, ni por reelegir a @petrogustavo."
JDOviedoA,1716555307319443704,RT @MaytenOrtiz: #ObvioPorOviedo
JDOviedoA,1716256337791774934,#ObvioPorOviedo
JDOviedoA,1715828918031171650,#Bogot√° vota sin miedo #Verde6üåªal Concejo de Bogot√° y a la Alcald√≠a Mayor#OviedoAlcalde @JDOviedoA ü©∑üíö
JDOviedoA,1716554980671242380,RT @@CaracolRadio @TropiBogota @CaroTrinidadC Algunos quieren llegar el 29 de octubre generando miedo. Ac√° habr√° segunda vuelta.
JDOviedoA,1716484267025334575,@CaracolRadio @TropiBogota @CaroTrinidadC Algunos quieren llegar el 29 de octubre generando miedo. Ac√° habr√° segunda vuelta.
JDOviedoA,1716554918775992753,RT @#VotoPor un objetivo: hacer las cosas bien para #Bogot√°.
JDOviedoA,1716473944285336020,#VotoPor un objetivo: hacer las cosas bien para #Bogot√°.
JDOviedoA,1716553171588227366,RT @fabianuribeg: Una raz√≥n para continuar firme con @JDOviedoA  ü§úüèªü§õüèª
JDOviedoA,1716553066785210621,Una raz√≥n para continuar firme con @JDOviedoA  ü§úüèªü§õüèª
JDOviedoA,1716534385967599858,@DanielSamperO Pero viste que no fue capaz de aceptar el pol√≠grafo???
JDOviedoA,1716552253039947779,"RT @¬°No coman cuento! @JDOviedoA es el candidato que m√°s ha crecido, el m√°s genuino y el que m√°s ciudadanos ha conquistado en tiempo r√©cord. Su campa√±a ha sido imparable, con absoluta dedicaci√≥n, compromiso y amor por nuestra ciudad. Pasaremos a segunda vuelta y vamos a GANAR!! üí™üèº https://t.co/ORhpK4AQff"
JDOviedoA,1716301322079572046,"¬°No coman cuento! @JDOviedoA es el candidato que m√°s ha crecido, el m√°s genuino y el que m√°s ciudadanos ha conquistado en tiempo r√©cord. Su campa√±a ha sido imparable, con absoluta dedicaci√≥n, compromiso y amor por nuestra ciudad. Pasaremos a segunda vuelta y vamos a GANAR!! üí™üèº https://t.co/ORhpK4AQff"
JDOviedoA,1716548939304845615,"RT @En #ElDebatedelaGente qued√≥ demostrado que para estas elecciones no hay nada escrito. Las verdaderas encuestas no las compra nadie, son en la calle, con los ciudadanos. Este 29 de octubre no votaremos con miedo, votaremos seguros por el mejor candidato. #ConOviedoPaLante https://t.co/ZwfZvdovwR"
JDOviedoA,1716287321320882577,"En #ElDebatedelaGente qued√≥ demostrado que para estas elecciones no hay nada escrito. Las verdaderas encuestas no las compra nadie, son en la calle, con los ciudadanos. Este 29 de octubre no votaremos con miedo, votaremos seguros por el mejor candidato. #ConOviedoPaLante https://t.co/ZwfZvdovwR"
JDOviedoA,1716546540666331229,RT @El exdirector del DANE y candidato a la Alcald√≠a de Bogot√° regres√≥ a Tropicana para hablar de frente con la gente.
JDOviedoA,1714621193825747244,El exdirector del DANE y candidato a la Alcald√≠a de Bogot√° regres√≥ a Tropicana para hablar de frente con la gente.
JDOviedoA,1716546065170575392,RT @JulianArdilaB: Nos vemos en segunda vuelta! ü§ôüèºüòè
JDOviedoA,1716273951838527974,Nos vemos en segunda vuelta! ü§ôüèºüòè
JDOviedoA,1716534657406099897,"RT @Ya listos para nuestro debate con la gente. Una alianza de #10AM, de @CaracolRadio, y @TropiBogota. Todos sus comentarios y preguntas con #VotoPor https://t.co/PFisL8AjOs"
JDOviedoA,1716464817249132595,"Ya listos para nuestro debate con la gente. Una alianza de #10AM, de @CaracolRadio, y @TropiBogota. Todos sus comentarios y preguntas con #VotoPor https://t.co/PFisL8AjOs"
JDOviedoA,1716534065220784158,RT @@vanedelatorre @CarlosFGalan @GustavoBolivar @JDOviedoA @Rodrigo_Lara_ @JERobledo @ElGeneralVargas @Diego_Molano https://t.co/UFvnY3OMRN
JDOviedoA,1716533997919174833,@vanedelatorre @CarlosFGalan @GustavoBolivar @JDOviedoA @Rodrigo_Lara_ @JERobledo @ElGeneralVargas @Diego_Molano https://t.co/UFvnY3OMRN
JDOviedoA,1716531688040173699,RT @#Bogot√° merece que le digamos la verdad. Nosotros siempre hemos sido ejemplo de ellos.
JDOviedoA,1716470490166939781,#Bogot√° merece que le digamos la verdad. Nosotros siempre hemos sido ejemplo de ellos.
JDOviedoA,1716531670696820862,RT @@CaracolRadio @TropiBogota @CaroTrinidadC Como Alcalde de #Bogot√° voy a proteger el derecho de la ciudad a tener Metro. ¬°No m√°s incertidumbre del Pte. @petrogustavo!
JDOviedoA,1716488434099933422,@CaracolRadio @TropiBogota @CaroTrinidadC Como Alcalde de #Bogot√° voy a proteger el derecho de la ciudad a tener Metro. ¬°No m√°s incertidumbre del Pte. @petrogustavo!
JDOviedoA,1716531654691262857,"RT @Hay 1,7 millones de j√≥venes, de los cuales 1,1 millones est√°n buscando trabajo. Como Alcalde de #Bogot√°, mejoraremos la calidad de vida de los j√≥venes."
JDOviedoA,1716487407762133475,"Hay 1,7 millones de j√≥venes, de los cuales 1,1 millones est√°n buscando trabajo. Como Alcalde de #Bogot√°, mejoraremos la calidad de vida de los j√≥venes."
JDOviedoA,1716531632809615378,RT @¬°Prepar√°ndonos para #ElDebateConLaGente! A las 10AM presentaremos nuestras propuestas en @CaracolRadio y @TropiBogota.
JDOviedoA,1716462195406430420,¬°Prepar√°ndonos para #ElDebateConLaGente! A las 10AM presentaremos nuestras propuestas en @CaracolRadio y @TropiBogota.
JDOviedoA,1716457592669524164,"Todo listo para nuestro debate a la Alcald√≠a de Bogot√°. En minutos, @CarlosFGalan, @GustavoBolivar, @JDOviedoA, @Rodrigo_Lara_, @JERobledo, @ElGeneralVargas y @Diego_Molano discuten sobre las necesidades de la ciudad. Sus comentarios con #VotoPor https://t.co/NYmTenKw07"
JDOviedoA,1716531523787071739,"RT @Gracias a quienes conf√≠an, a quienes nos apoyan y a quienes se suman. En #Bogot√° s√≠ podemos hacer las cosas bien."
JDOviedoA,1716514869296411022,"Gracias a quienes conf√≠an, a quienes nos apoyan y a quienes se suman. En #Bogot√° s√≠ podemos hacer las cosas bien."
JDOviedoA,1716531129665134753,"RT @üìª ‚ÄúCuando uno se lanza no ve tan claro el objetivo, ahora estoy convencido de querer llegar a la Alcald√≠a de Bogot√°‚Äù: @JDOviedoA, candidato a la Alcald√≠a de Bogot√°."
JDOviedoA,1716527137732149342,"üìª ‚ÄúCuando uno se lanza no ve tan claro el objetivo, ahora estoy convencido de querer llegar a la Alcald√≠a de Bogot√°‚Äù: @JDOviedoA, candidato a la Alcald√≠a de Bogot√°."
JDOviedoA,1716531064129143209,"RT @knataliag: @JDOviedoA @JDOviedoA Oviedo es una excelente persona, muy noble y dado a la gente."
JDOviedoA,1716518216858472641,"@JDOviedoA @JDOviedoA Oviedo es una excelente persona, muy noble y dado a la gente."
JDOviedoA,1716530339227517352,"RT @üìç#CiudadBol√≠var seguimos uniendo, inspirando, conquistando corazones y en 6 d√≠as saldremos ganadores #PorLosAnimales y por #Bogot√°"
JDOviedoA,1716527144447221780,"üìç#CiudadBol√≠var seguimos uniendo, inspirando, conquistando corazones y en 6 d√≠as saldremos ganadores #PorLosAnimales y por #Bogot√°"
JDOviedoA,1716518130636222867,RT @MaytenOrtiz: ObvioconOviedo
JDOviedoA,1716506713623334927,ObvioconOviedo
JDOviedoA,1691952218432241764,Ayer me enfrent√© al pol√≠grafo en el programa #SinCarreta del @Canal1Colombia.
