Usuario,ID del tweet,Contenido
Diego,1706627624246603877,"Les presento la  Megac√°rcel que todos deseamos y yo construir√© para encerrar a los 3.000 delincuentes m√°s peligrosos que amenazan la tranquilidad de los bogotanos: los atracadores, los ladrones de celulares y bicicletas, los vendedores de drogas il√≠citas, las bandas y sus cabecillas. #MegaCarcelDeMolano"
Diego,1717604117567173042,¬°Alertamos sobre posible fraude electoral en Bogot√°!
Diego,1717603556922917072,¬°Defendimos a los vecinos de chapinero! Las medidas cautelares fueron adoptadas y el nororiente de la ciudad no colapsar√° con el corredor verde. #MolanoAlcalde https://t.co/4SrdCv09tX
Diego,1717600956894884180,"RT @Este domingo 29 de octubre votamos a favor de la familia, por los valores, por la experiencia y para recuperar la esperanza de Bogot√°. Recuerda: Diego Molano, Nicol√°s G√≥mez y Salvaci√≥n Nacional. Vota por el #1 del Arco√≠ris. https://t.co/J6dE2thQWv"
Diego,1717587858091851861,"Este domingo 29 de octubre votamos a favor de la familia, por los valores, por la experiencia y para recuperar la esperanza de Bogot√°. Recuerda: Diego Molano, Nicol√°s G√≥mez y Salvaci√≥n Nacional. Vota por el #1 del Arco√≠ris. https://t.co/J6dE2thQWv"
Diego,1717519653956723125,"En la primera vuelta hay que votar por la Familia, por el respeto a la familia y sus tradiciones."
Diego,1717339750141428090,"üöâEl mejor metro para Bogot√° es el que se hace ya, respetando la institucionalidad y a los bogotanos, por eso el metro no se va a detener por el capricho de @petrogustavo"
Diego,1717374601506730120,"Seguridad, fortalecimiento de las familias y respeto por la libertad de prensa."
Diego,1717374609115246701,"Vote a conciencia por quien representa sus principios y valores. Como alcalde de Bogot√° defender√© a Bogot√° de la inseguridad, del gobierno nacional, del hampa y del caos."
Diego,1717348395847733409,"RT @No se dejen adoctrinar por las encuestas de INVAMER; m√°s bien, salgan a votar el 29 de octubre por @Diego_Molano alcalde #Bogot√°"
Diego,1717332529391280260,"No se dejen adoctrinar por las encuestas de INVAMER; m√°s bien, salgan a votar el 29 de octubre por @Diego_Molano alcalde #Bogot√°"
Diego,1717347951045988613,"RT @#ElDebateFinal - #YoVotoPor | ""Yo s√≠ quiero decirles que la discusi√≥n no puede ser los arreglos pol√≠ticos, la alianzas aqu√≠ debe ser con el padre, familia, el empresario, quiero aliarme con los bogotanos"": @Diego_Molano"
Diego,1717346098358939766,"#ElDebateFinal - #YoVotoPor | ""Yo s√≠ quiero decirles que la discusi√≥n no puede ser los arreglos pol√≠ticos, la alianzas aqu√≠ debe ser con el padre, familia, el empresario, quiero aliarme con los bogotanos"": @Diego_Molano"
Diego,1717347186453676336,RT @La frase de @Diego_Molano
Diego,1717347111321125062,La frase de @Diego_Molano
Diego,1706627624246603877,"Les presento la  Megac√°rcel que todos deseamos y yo construir√© para encerrar a los 3.000 delincuentes m√°s peligrosos que amenazan la tranquilidad de los bogotanos: los atracadores, los ladrones de celulares y bicicletas, los vendedores de drogas il√≠citas, las bandas y sus cabecillas. #MegaCarcelDeMolano"
Diego,1717339750141428090,"üöâEl mejor metro para Bogot√° es el que se hace ya, respetando la institucionalidad y a los bogotanos, por eso el metro no se va a detener por el capricho de @petrogustavo"
Diego,1717339763336782001,Los bogotanos queremos que las obras se hagan ya. No voy a permitir que el presidente arrodille a la ciudad para que gane su candidato.
Diego,1717341226922332276,El presidente quiere arrodillar a Bogot√° para cumplir sus caprichos.
Diego,1717338517099970924,"RT @#ElDebateFinal - #YoVotoPor | ""A los bogotanos se les respeta, los bogotanos lo que queremos es que las obras se hagan ya, ejecutemos la l√≠nea del Metro"": @Diego_Molano"
Diego,1717338415375540526,"#ElDebateFinal - #YoVotoPor | ""A los bogotanos se les respeta, los bogotanos lo que queremos es que las obras se hagan ya, ejecutemos la l√≠nea del Metro"": @Diego_Molano"
Diego,1717315505571221635,"En la primera vuelta vota Diego Molano alcalde, vota por vivir sin miedo a encontrar oportunidades para progresar. #MolanoConSeguridaAlcalde https://t.co/mwA09Oh9ha"
Diego,1717305019437855105,No se lo pierda
Diego,1717284906269855816,"Las ni√±as, j√≥venes y mujeres podr√°n sentirse seguras en el transporte p√∫blico."
Diego,1717224508522664378,"Vamos a priorizar 32 obras que sabemos tendr√°n gran impacto en la movilidad de los bogotanos, para que la ciudad se mueva y fluya mejor.üèçüöô"
Diego,1717197520344949195,"Bogot√° merece un sistema multimodal de transporte con seguridad, cultura ciudadana, estaci√≥nes a m√°ximo 1 km de distancia y unificado para una mejor movilidad para todos. #MolanoAlcalde https://t.co/m1WLGNxhOM"
Diego,1717175022551240730,"El candidato de @petrogustavo el de las novelas @GustavoBolivar le sigue mintiendo a los bogotanos: dice que el 1 enero hace el Metro que le entreguen, mientras sus vallas y programa de gobierno dicen que har√°n el Metro subterr√°neo."
Diego,1717153763469770841,Les presento al mejor representante de ùüπ ùô≥ùöòùöõùöíùöùùöòùöú üî∏üî∏üî∏ùöçùöéùöúùöôùöû√©ùöú‚Ä¶ üëá https://t.co/6y4R7fKQdJ
Diego,1716991691486281857,"La pol√≠tica criminal en Bogot√° es desastrosa. Nosotros vamos a capturar, judicializar y llevar a la mega c√°rcel que construiremos. #MolanoAlcalde https://t.co/8QT2YUoe5y"
Diego,1717019681259704748,"La justicia debe aplicar a cualquier delito, porque si justificamos delitos peque√±os se justificar√°n delitos por cualquier raz√≥n."
Diego,1717032655840043140,"Vote a conciencia por Diego Molano que defiende a la familia, los principios y valores."
Diego,1717008744402317428,"RT @@Rodrigo_Lara_ üî¥ #ElDebateDefintivo | ""Tenemos que garantizar seguridad en las v√≠as. Por eso planteamos una Polic√≠a Metropolitana para la Movilidad"", @Diego_Molano"
Diego,1717000181118284232,"@Rodrigo_Lara_ üî¥ #ElDebateDefintivo | ""Tenemos que garantizar seguridad en las v√≠as. Por eso planteamos una Polic√≠a Metropolitana para la Movilidad"", @Diego_Molano"
Diego,1706627624246603877,"Les presento la  Megac√°rcel que todos deseamos y yo construir√© para encerrar a los 3.000 delincuentes m√°s peligrosos que amenazan la tranquilidad de los bogotanos: los atracadores, los ladrones de celulares y bicicletas, los vendedores de drogas il√≠citas, las bandas y sus cabecillas. #MegaCarcelDeMolano"
Diego,1716991691486281857,"La pol√≠tica criminal en Bogot√° es desastrosa. Nosotros vamos a capturar, judicializar y llevar a la mega c√°rcel que construiremos. #MolanoAlcalde https://t.co/8QT2YUoe5y"
Diego,1717003406554927463,"Vamos a apoyar a las motos con seguridad en las v√≠as, eliminando la persecuci√≥n y apoyando la libertad para la movilidad. #MolanoAlcalde"
Diego,1717006130398835098,"Reprensento a un grupo de ciudadanos que creen que hay que proteger la vida, a la familia y respaldar a la autotidad y al sector privado. #MolandoAlcalde https://t.co/StGpVhXh0o"
Diego,1716996384077840599,RT @üî¥ #ElDebateDefinitivo | Movilidad en Bogot√°.
Diego,1716993085551349872,üî¥ #ElDebateDefinitivo | Movilidad en Bogot√°.
Diego,1716993944163119499,RT @#ElDebateDefinitivo | @Diego_Molano habla de su posici√≥n frente a la Primera L√≠nea y cu√°les ser√≠an las mejores medidas para controlar a este grupo y sus miembros.
Diego,1716993864328724939,#ElDebateDefinitivo | @Diego_Molano habla de su posici√≥n frente a la Primera L√≠nea y cu√°les ser√≠an las mejores medidas para controlar a este grupo y sus miembros.
Diego,1716987449123971413,RT @üî¥ #ElDebateDefinitivo | Tema: seguridad.
Diego,1716987368631144870,üî¥ #ElDebateDefinitivo | Tema: seguridad.
Diego,1716983706877854008,RT @@Citytv @Diego_Molano üî¥ Empieza #ElDebateDefinitivo entre los candidatos a la Alcald√≠a de Bogot√°. ¬°Con√©ctese!
Diego,1716983568600031723,@Citytv @Diego_Molano üî¥ Empieza #ElDebateDefinitivo entre los candidatos a la Alcald√≠a de Bogot√°. ¬°Con√©ctese!
Diego,1716975361412747411,¬°Yo soy provida!
Diego,1716963975298990152,"Bogot√° est√° hecha un caos y como alcalde lo corregir√©, no permitir√© que el robo de celulares siga siendo normal. #MolanoAlcalde https://t.co/TDD44SQcw5"
Diego,1716887485022683243,"Para #Bogot√°, har√© realidad el desarrollo urban√≠stico del borde oriental del R√≠o Bogot√°, Coraz√≥n de la Sabana."
Diego,1716884836391268465,RT @Diego Molano defendi√≥ la intervenci√≥n de la fuerza p√∫blica en las manifestaciones del Paro Nacional: compar√≥ las marchas con la toma del Palacio de Justicia https://t.co/XJwwab9VI3
Diego,1716884157018878004,Diego Molano defendi√≥ la intervenci√≥n de la fuerza p√∫blica en las manifestaciones del Paro Nacional: compar√≥ las marchas con la toma del Palacio de Justicia https://t.co/XJwwab9VI3
Diego,1716884368030118245,RT @A las 3 PM @Diego_Molano lanzar√° con nosotros su nuevo libro Reconstruir Bogot√° para salvar a Colombia.
Diego,1716533767756456183,A las 3 PM @Diego_Molano lanzar√° con nosotros su nuevo libro Reconstruir Bogot√° para salvar a Colombia.
Diego,1716803090295173419,"Instrumentalizaron a la Primera L√≠nea, los llenaron odio y resentimiento a punta de mentiras por parte de Bolivar."
Diego,1716769534084870612,"Toda la raz√≥n.  Por eso seguimos en la calle convenciendo a los Bogotanos, hasta el √∫ltimo momento."
Diego,1716457753290367249,"Se√±ores encuestadores, ¬øtodo bien en casa? Sigo sosteniendo que el futuro es impredecible. Las encuestas s√≥lo nos ayudan a comprender el presente. La mayor√≠a absoluta de las encuestadoras se convirtieron en herramientas publicitarias, que se compran y se venden‚Ä¶ https://t.co/YFuRzpfzge"
Diego,1716631571585786288,Tanta politiquer√≠a y tanto grit√≥n pago por todo lado.
Diego,1716604470853771316,Conversatorio #XSpace  con @ANIABELLO_R @ghitis @DanielSanin
Diego,1716772369379864807,RT @ernestomaciast: #Bogot√° La segunda vuelta en la elecci√≥n de alcalde es una garant√≠a para la ciudad. Hay que ‚Äúvotar a conciencia‚Äù en la‚Ä¶
Diego,1716588766289170801,"#Bogot√° La segunda vuelta en la elecci√≥n de alcalde es una garant√≠a para la ciudad. Hay que ‚Äúvotar a conciencia‚Äù en la primera vuelta. @Diego_Molano representa autoridad, transparencia, seguridad y experiencia."
Diego,1706627624246603877,"Les presento la  Megac√°rcel que todos deseamos y yo construir√© para encerrar a los 3.000 delincuentes m√°s peligrosos que amenazan la tranquilidad de los bogotanos: los atracadores, los ladrones de celulares y bicicletas, los vendedores de drogas il√≠citas, las bandas y sus cabecillas. #MegaCarcelDeMolano"
Diego,1716540005168857323,RT @TropiBogota: .
Diego,1716539925997158891,.
Diego,1716512899953299682,RT @#VotoPor Los candidatos @Diego_Molano y @GustavoBolivar tuvieron un acalorado momento sobre la intervenci√≥n de la fuerza p√∫blica en el Estallido social.
Diego,1716493589960626592,#VotoPor Los candidatos @Diego_Molano y @GustavoBolivar tuvieron un acalorado momento sobre la intervenci√≥n de la fuerza p√∫blica en el Estallido social.
Diego,1716506136038224172,"Si logramos una primera infancia con atenci√≥n integral, tendremos una generaci√≥n con m√°s oportunidades y resultados y esa ser√° mi apuesta como alcalde de Bogot√°. #MolanoAlcalde https://t.co/g0472EkriU"
Diego,1716506155877322786,"Lo que m√°s miedo me da en Bogot√° es que mis hijos no puedan salir a disfrutarla con tranquilidad, eso le pasa a muchas familias y, por eso, vamos a recuperar la seguridad. #MolanoAlcalde https://t.co/Qy5SWcBInk"
Diego,1716506160969216256,Voy a defender a Bogot√° de la amenaza del hampa y de la amenaza del gobierno nacional que ha querido arrodillar a la ciudad. #MolanoAlcalde https://t.co/QLzcJaB3DX
Diego,1716491447841575420,"RT @@CarlosFGalan @ElGeneralVargas @GustavoBolivar @Diego_Molano @Rodrigo_Lara_ @JERobledo @petrogustavo @JDOviedoA @ClaudiaLopez @German_Vargas @EnriquePenalosa üìª ‚ÄúYo no les prometo un Metro, se los voy a entregar en 2027‚Äù: @Diego_Molano, candidato a la Alcald√≠a de Bogot√°."
Diego,1716491388198572509,"@CarlosFGalan @ElGeneralVargas @GustavoBolivar @Diego_Molano @Rodrigo_Lara_ @JERobledo @petrogustavo @JDOviedoA @ClaudiaLopez @German_Vargas @EnriquePenalosa üìª ‚ÄúYo no les prometo un Metro, se los voy a entregar en 2027‚Äù: @Diego_Molano, candidato a la Alcald√≠a de Bogot√°."
Diego,1716312649741312342,RT @TropiBogota: .
Diego,1716310466396316130,.
Diego,1716253985491866020,"La crisis de la seguridad en Bogot√° la controlaremos capturando a los delincuentes y llev√°ndolos a la mega c√°rcel que vamos a construir y un programa que no pagar√° a los delincuetes por no matar, sino a j√≥venes que estudien y trabajen."
Diego,1716270594415558969,"Vamos a pagar $500.000 a 500.000 familias para que sus j√≥venes puedas estudiar y trabajar, no pagaremos a los delincuentes por no matar. #ElDebateDeLaGente #MolanoAlcalde https://t.co/6CIzVIZt4z"
Diego,1716276307728769361,Este 29 de octubre vote a conciencia por defender la democracia. Yo proteger√© a sus hijos y su familia.
Diego,1716255490865324134,RT @#ElDebateDeLaGente  definitivamente mi candidato es Diego Molano!
Diego,1716254227570323625,#ElDebateDeLaGente  definitivamente mi candidato es Diego Molano!
Diego,1706627624246603877,"Les presento la  Megac√°rcel que todos deseamos y yo construir√© para encerrar a los 3.000 delincuentes m√°s peligrosos que amenazan la tranquilidad de los bogotanos: los atracadores, los ladrones de celulares y bicicletas, los vendedores de drogas il√≠citas, las bandas y sus cabecillas. #MegaCarcelDeMolano"
Diego,1716253985491866020,"La crisis de la seguridad en Bogot√° la controlaremos capturando a los delincuentes y llev√°ndolos a la mega c√°rcel que vamos a construir y un programa que no pagar√° a los delincuetes por no matar, sino a j√≥venes que estudien y trabajen."
Diego,1716255171343257785,Continuaremos con la ejecuci√≥n de la primera linea del metro porque Bogot√° no ser√° una ciudad arrodillada a los caprichos del presidente Petro y llevaremos metro a Suba y Engativa. #ElDebateDeLaGente #MolanoAlcalde https://t.co/CCaQFyFrQh
Diego,1716255176753885451,Como alcalde defender√© a #Bogot√° frente a la amenaza que significa este gobierno. #ElDebateDeLaGente #MolanoAlcalde https://t.co/21TZPCjpVr
Diego,1716246652229476636,RT @üá®üá¥üó≥Ô∏èTodos los candidatos a la Alcald√≠a de Bogot√° comienzan su participaci√≥n en #ElDebateDeLaGente de @NoticiasRCN. Con√©ctese en vivo por https://t.co/O0QFg4kNZW https://t.co/eOCZq840H5
Diego,1716244884145758704,üá®üá¥üó≥Ô∏èTodos los candidatos a la Alcald√≠a de Bogot√° comienzan su participaci√≥n en #ElDebateDeLaGente de @NoticiasRCN. Con√©ctese en vivo por https://t.co/O0QFg4kNZW https://t.co/eOCZq840H5
Diego,1716244173186060785,"RT @üî¥En vivo | #ElDebatedeLaGente con los candidatos a la Alcald√≠a de Bogot√°. @CarlosFGalan, @GustavoBolivar, @JDOviedoA, @ElGeneralVargas, @Diego_Molano, @Rodrigo_Lara_, @JERobledo, @Nicolas_ramos_b y Rafael Quintero. Moderan: @JoseMAcevedo @Maryaristizabal https://t.co/vqw3hJpYdl"
Diego,1716243512486986177,"üî¥En vivo | #ElDebatedeLaGente con los candidatos a la Alcald√≠a de Bogot√°. @CarlosFGalan, @GustavoBolivar, @JDOviedoA, @ElGeneralVargas, @Diego_Molano, @Rodrigo_Lara_, @JERobledo, @Nicolas_ramos_b y Rafael Quintero. Moderan: @JoseMAcevedo @Maryaristizabal https://t.co/vqw3hJpYdl"
Diego,1716239269507838040,"""J√≥venes contra Molano"" el documental donde respondimos sin filtros todas las inquietudes y preguntas que varios j√≥venes me hicieron."
Diego,1716150059354452178,Dar√© una especial protecci√≥n a las ni√±as. Como director del ICBF lo hice y como alcalde ser√° mi prioridad dando herramientas a los padres para su crianza y protecci√≥n. #MolanoConSeguridadAlcalde https://t.co/XwpCrTm71O
Diego,1716135242048704880,Hoy 7:00 PM ah√≠ nos vemos...
Diego,1715004880354754785,Los candidatos a la Alcald√≠a de Bogot√° estar√°n este domingo a las 7:00 de la noche en @NoticiasRCN
Diego,1716134775977545959,RT @Parece que a Bol√≠var no le gust√≥ la exigencia de dejar la violencia en Bogot√°?
Diego,1716062326594417156,Parece que a Bol√≠var no le gust√≥ la exigencia de dejar la violencia en Bogot√°?
Diego,1716076943832240281,"En la primera vuelta vota Diego Molano alcalde, vota vivir sin miedo con la construcci√≥n de la mega c√°rcel para criminales que matan, roban y extorsionan. #MolanoConSeguridadAlcalde https://t.co/CXwVmVSFnf"
Diego,1716064993785901317,RT @General (r) Zapateiro anima al candidato Diego Molano: 'No desfallezca en su lucha' ‚ñ∫ https://t.co/Mz2OQDII24 https://t.co/ijgjuZkDyQ
Diego,1716042965716775273,General (r) Zapateiro anima al candidato Diego Molano: 'No desfallezca en su lucha' ‚ñ∫ https://t.co/Mz2OQDII24 https://t.co/ijgjuZkDyQ
Diego,1715921620408184976,Me rehuso a aceptar que se normalice la humillaci√≥n y maltrato a nuestros soldados y polic√≠as con el aval de este nefasto gobierno @petrogustavo.
Diego,1715891522355233125,#LO√öLTIMO es el secuestro de 18 militares del Comando Espec√≠fico del Oriente de las Fuerzas Militares. Los hechos se registraron en una vereda de San Jos√© del Guaviare.
Diego,1715880650077593950,Dar√© especial cuidado a las ni√±as de Bogot√° para tener una generaci√≥n de mujeres empoderadas y con mejores condiciones.
Diego,1715858637304844785,Atenci√≥n queridas madres cuidadoras.
Diego,1715849428148301876,¬øUn trino para justificar su viaje a China?
Diego,1715497845166346434,Todas las veces que hay elecciones en Bogot√° dicen que van a parar el metro y hasta ahora solo  veo unos estudios de detalle guardados desde hace 9 a√±os.
Diego,1715835352835915780,Este 29 de octubre elegimos el futuro de nuestra ciudad.
Diego,1715819552263541244,El R√≠o Bogot√° y su ronda se convertir√° en un espacio de oportunidades.
Diego,1715784017369313508,Mantengan su voto firme por Diego Molano.
Diego,1706627624246603877,"Les presento la  Megac√°rcel que todos deseamos y yo construir√© para encerrar a los 3.000 delincuentes m√°s peligrosos que amenazan la tranquilidad de los bogotanos: los atracadores, los ladrones de celulares y bicicletas, los vendedores de drogas il√≠citas, las bandas y sus cabecillas. #MegaCarcelDeMolano"
Diego,1715778653722693946,"Pensando en los j√≥venes y en las oportunidades del futuro, voy a fortalecer los programas acad√©micos en temas de tecnolog√≠a e innovaci√≥n."
Diego,1715771158409126199,"RT @#ColombiaElige | @Diego_Molano , candidato a la Alcald√≠a de Bogot√°, habl√≥ en #SinLibretoElectoral  de @NoticiasRCN en la recta final de su campa√±a."
Diego,1715423886458712140,"#ColombiaElige | @Diego_Molano , candidato a la Alcald√≠a de Bogot√°, habl√≥ en #SinLibretoElectoral  de @NoticiasRCN en la recta final de su campa√±a."
Diego,1715450787134886150,Quiero que Bogot√° sea una ciudad para disfrutar en familia.
Diego,1715414954004688970,Voy a bajar los impuestos distritales a las empresas si generan empleo a mujeres y mejoran la equidad en sus sueldos.
Diego,1715383052606550145,RT @¬øYa entienden c√≥mo funciona el principio de distracci√≥n de este desgobierno?
Diego,1715066495095414808,¬øYa entienden c√≥mo funciona el principio de distracci√≥n de este desgobierno?
Diego,1715378679268684186,RT @#Pol√≠tica | Diego Molano solicita medidas cautelares ante la CIDH por falta de garant√≠as en la campa√±a a la Alcald√≠a de Bogot√° (Clic en imagen)
Diego,1715377420184752266,#Pol√≠tica | Diego Molano solicita medidas cautelares ante la CIDH por falta de garant√≠as en la campa√±a a la Alcald√≠a de Bogot√° (Clic en imagen)
Diego,1715363828966343132,"En la primera vuelta vota Diego Molano alcalde, vota por salir a trabajar sin el miedo de descuidar tus hijos. #MolanoAlcalde"
Diego,1715357614190526496,Atenci√≥n üö®
Diego,1715198009481253035,"En una conversaci√≥n muy respetuosa con j√≥venes petristas que tuvieron la oportunidad de preguntarme con total tranquilidad lo que quisieron; este domingo 22 de octubre 6:00 PM lanzamos desde nuestro canal de Youtube el documental: ""J√≥venes contra Molano""."
Diego,1715155871523627290,"En la primera vuelta vota Diego Molano alcalde, vota por sacar a Bogot√° del caos y del desgobierno. #MolanoConSeguridadAlcalde https://t.co/zbmU4R39f1"
Diego,1715152086235480389,"RT @.@Diego_Molano, aspirante a la Alcald√≠a de Bogot√°, estuvo en #CandidatosEnLaRedacci√≥n. Habl√≥ de la primera l√≠nea y su relaci√≥n con el presidente Gustavo Petro. Esto dijo ‚û°Ô∏è https://t.co/vHvkdEykB0"
Diego,1715138958378889303,".@Diego_Molano, aspirante a la Alcald√≠a de Bogot√°, estuvo en #CandidatosEnLaRedacci√≥n. Habl√≥ de la primera l√≠nea y su relaci√≥n con el presidente Gustavo Petro. Esto dijo ‚û°Ô∏è https://t.co/vHvkdEykB0"
Diego,1715151712472780959,"RT @¬øBogot√°-regi√≥n metropolitana? ¬øtransporte p√∫blico gratis? ¬øeliminar el d√≠a sin carro? El aspirante a la Alcald√≠a de Bogot√° @Diego_Molano respondi√≥, estas y otras preguntas, en el tablero de #CandidatosEnLaRedacci√≥n. V√©alo aqu√≠ ‚û°Ô∏è https://t.co/vHvkdExMLs"
Diego,1715140312362897635,"¬øBogot√°-regi√≥n metropolitana? ¬øtransporte p√∫blico gratis? ¬øeliminar el d√≠a sin carro? El aspirante a la Alcald√≠a de Bogot√° @Diego_Molano respondi√≥, estas y otras preguntas, en el tablero de #CandidatosEnLaRedacci√≥n. V√©alo aqu√≠ ‚û°Ô∏è https://t.co/vHvkdExMLs"
Diego,1715050772780449829,¬°Esto no es con carreta!
Diego,1715040175665946995,RT @HOY en #CandidatosEnLaRedacci√≥n estar√°n los aspirantes a la Alcald√≠a de Bogot√° @JDOviedoA y @Diego_Molano ¬øCu√°les son sus propuestas? V√©alos a las 5:00 p.m. en https://t.co/js2rxtykxw
Diego,1715040087514259911,HOY en #CandidatosEnLaRedacci√≥n estar√°n los aspirantes a la Alcald√≠a de Bogot√° @JDOviedoA y @Diego_Molano ¬øCu√°les son sus propuestas? V√©alos a las 5:00 p.m. en https://t.co/js2rxtykxw
Diego,1715034752888029542,"RT @@Diego_Molano @petrogustavo Candidato DIEGO MOLANO, no desfallezca en su lucha contra la inseguridad. Gracias por su apoyo a la FP. La verdadera encuesta ser√° el 29 de octubre. Ese d√≠a los colombianos a conciencia argumentar√°n su VOTO frente a la realidad de la Capital y del Pa√≠s, que est√° ¬°PATAS ARRIBA!"
Diego,1715034070164324430,"@Diego_Molano @petrogustavo Candidato DIEGO MOLANO, no desfallezca en su lucha contra la inseguridad. Gracias por su apoyo a la FP. La verdadera encuesta ser√° el 29 de octubre. Ese d√≠a los colombianos a conciencia argumentar√°n su VOTO frente a la realidad de la Capital y del Pa√≠s, que est√° ¬°PATAS ARRIBA!"
Diego,1715031756334600703,Y siguen haciendo de las suyas en el gobierno @petrogustavo
Diego,1714996872220147897,"Como Alcalde voy a poner a rodar la Primera L√≠nea del Metro para cumplirle a las familias de Bosa, Kennedy,  Puente Aranda, Chapinero y Barrios Unidos."
Diego,1714995661781770348,"#Atento | La Alcald√≠a de Bogot√° abri√≥ la licitaci√≥n para la segunda l√≠nea del Metro de Bogot√°, que ser√° subterr√°nea y conectar√° a Suba con Engativ√°. La construcci√≥n iniciar√° en 2024 y estar√° lista en 2032 https://t.co/H9pvaVluIY"
Diego,1706627624246603877,"Les presento la  Megac√°rcel que todos deseamos y yo construir√© para encerrar a los 3.000 delincuentes m√°s peligrosos que amenazan la tranquilidad de los bogotanos: los atracadores, los ladrones de celulares y bicicletas, los vendedores de drogas il√≠citas, las bandas y sus cabecillas. #MegaCarcelDeMolano"
Diego,1714982981549559855,"Votemos a conciencia por una mejor Bogot√° para nuestros hijos, nuestros seres queridos."
Diego,1717293886794526999,"Los desgarramientos econ√≥micos y ambientales en los viene sufriendo Cali por causa de los saqueos de sus finanzas p√∫blicas y la perversa planificaci√≥n del territorio, son bien preocupantes y seguir√°n irreparables de mantenerse esta visi√≥n deformadora"
Diego,1714811253649031381,"No se trata de votar por el menos malo, se trata de ser responsables y votar a conciencia para sacar a Bogot√° del caos."
Diego,1714799198640415016,RT @#SemanaTv | ‚ÄúEs un Petro 2.0 en Bogot√°‚Äù: Diego Molano reacciona a la ausencia de Gustavo Bol√≠var a algunos debates. (Clic en la imagen)
Diego,1714710128643965391,#SemanaTv | ‚ÄúEs un Petro 2.0 en Bogot√°‚Äù: Diego Molano reacciona a la ausencia de Gustavo Bol√≠var a algunos debates. (Clic en la imagen)
Diego,1714798888148766790,"RT @#ConozcaAlCandidato | ""La izquierda utiliza lenguaje falaz para demeritar una instituci√≥n como la Polic√≠a"": @Diego_Molano"
Diego,1714698307501531418,"#ConozcaAlCandidato | ""La izquierda utiliza lenguaje falaz para demeritar una instituci√≥n como la Polic√≠a"": @Diego_Molano"
Diego,1714793559038042271,"RT @""El 29 de octubre es una elecci√≥n para defender a Colombia, defender la democracia y la libertad"" discurso de @Diego_Molano en el marco de la marcha contra el gobierno de @petrogustavo y sus reformas #molanoalcalde #29Oct #Bogota #colombiaelige2023 @RevistaSemana @lafm @lcvelez https://t.co/g90OQiY0Fz"
Diego,1714733723222990934,"""El 29 de octubre es una elecci√≥n para defender a Colombia, defender la democracia y la libertad"" discurso de @Diego_Molano en el marco de la marcha contra el gobierno de @petrogustavo y sus reformas #molanoalcalde #29Oct #Bogota #colombiaelige2023 @RevistaSemana @lafm @lcvelez https://t.co/g90OQiY0Fz"
Diego,1714749706226573543,"¬øTambi√©n est√°s fastidiado con el caos de las basuras en nuestra ciudad?   En Bogot√° no solo hay ratas que roban, ahora se llen√≥ de roedores üêÄ por la cantidad de basura tirada en todas las calle!   Voy a renegociar los contratos de aseo para limpiar 1.000 puntos cr√≠ticos que est√°n afectando el bienestar de los bogotanos.  Bogot√° no est√° condenada a la basura y al desorden! Tendremos una capital ordenada y aseada! #MolanoAlcalde"
Diego,1714693044484673780,En vivo con @VickyDavilaH en  @RevistaSemana
Diego,1714690049189835119,"#ConozcaAlCandidato | Habla @Diego_Molano , candidato a la Alcald√≠a de Bogot√°. Dice que le pidi√≥ al ni√±o Dios ganar la elecci√≥n, que la izquierda es ""hip√≥crita"" y que Gustavo Bol√≠var ser√≠a un ""Petro 2.0"". Esto es #VickyEnSemana con @VickyDavilaH https://t.co/oVdzhOP5SZ"
Diego,1714690223215386658,"RT @#ConozcaAlCandidato | Habla @Diego_Molano , candidato a la Alcald√≠a de Bogot√°. Dice que le pidi√≥ al ni√±o Dios ganar la elecci√≥n, que la izquierda es ""hip√≥crita"" y que Gustavo Bol√≠var ser√≠a un ""Petro 2.0"". Esto es #VickyEnSemana con @VickyDavilaH https://t.co/oVdzhOP5SZ"
Diego,1714607236780114083,Para los m√°s j√≥venes preparamos estas propuesta con IA.
Diego,1714454870118252973,"RT @¬øDejar√≠an q alguien sin experiencia les operar√° el coraz√≥n, solo x q otros dicen?"
Diego,1714408759676584269,"¬øDejar√≠an q alguien sin experiencia les operar√° el coraz√≥n, solo x q otros dicen?"
Diego,1714454721560236290,Ma√±ana vamos a marchar
Diego,1714385361579745376,RT @Marcofidel197: @Diego_Molano Necesitamos movilidad inteligente en Bogot√° https://t.co/s9jlMs7N3F
Diego,1714264072378569205,@Diego_Molano Necesitamos movilidad inteligente en Bogot√° https://t.co/s9jlMs7N3F
Diego,1714385301815062843,RT @LATALPAZ: Vote bien
Diego,1713977482339029005,Vote bien
Diego,1714384173144641968,"RT @#Elecciones2023. Opini√≥n. Bogot√°, ¬°es ahora! Nos estamos jugando la prosperidad o el desastre; la paz o la violencia y la democracia o la debacle. Diego Molano,"
Diego,1714265625248379006,"#Elecciones2023. Opini√≥n. Bogot√°, ¬°es ahora! Nos estamos jugando la prosperidad o el desastre; la paz o la violencia y la democracia o la debacle. Diego Molano,"
Diego,1714341012942844055,"RT @#EnVivo | ""Esta decisi√≥n tiene que ser bien pensada porque debilitar√≠a a nuestra Fuerza P√∫blica"""
Diego,1714340928909910116,"#EnVivo | ""Esta decisi√≥n tiene que ser bien pensada porque debilitar√≠a a nuestra Fuerza P√∫blica"""
Diego,1714331086258409591,"A la mega c√°rcel vamos a llevar a 3.000 delincuentes y no pagaremos por no matar, sino a 500.000 familias para que sus j√≥venes estudien, emprendan y trabajen. #MolanoAlcalde https://t.co/XmMBGSXrHV"
Diego,1714331087843836168,"Soy el candidato del movimiento Reconstruyamos Bogot√° que recogi√≥ 117.000 firmas de ciudadanos que quieren recuperar la seguridad, la movilidad y la calidad de vida. #MolanoAlcalde https://t.co/cfNKLAmAo7"
Diego,1714331089357922562,Mi prioridad como alcalde ser√° la de perseguir a los delincuentes y desmantelar las bandas que atracan y roban a los ciudadanos. #MolanoAlcalde https://t.co/NSS7BAStgz
Diego,1706627624246603877,"Les presento la  Megac√°rcel que todos deseamos y yo construir√© para encerrar a los 3.000 delincuentes m√°s peligrosos que amenazan la tranquilidad de los bogotanos: los atracadores, los ladrones de celulares y bicicletas, los vendedores de drogas il√≠citas, las bandas y sus cabecillas. #MegaCarcelDeMolano"
Diego,1714331086258409591,"A la mega c√°rcel vamos a llevar a 3.000 delincuentes y no pagaremos por no matar, sino a 500.000 familias para que sus j√≥venes estudien, emprendan y trabajen. #MolanoAlcalde https://t.co/XmMBGSXrHV"
Diego,1714331087843836168,"Soy el candidato del movimiento Reconstruyamos Bogot√° que recogi√≥ 117.000 firmas de ciudadanos que quieren recuperar la seguridad, la movilidad y la calidad de vida. #MolanoAlcalde https://t.co/cfNKLAmAo7"
Diego,1714293660400091191,"La inseguridad, el miedo, la criminalidad y el caos en la ciudad son los problemas que me ha contado la comumidad mientras hemos recorrido la ciudad en esta campa√±a. #MolanoAlcalde https://t.co/eFHHTRQCNV"
Diego,1714297183837597941,"La mega c√°rcel garantizar√° justicia para que no haya impunidad, all√≠ los delincuentes pagar√°n por sus delitos. #MolanoAlcalde https://t.co/7ddzAYqG28"
Diego,1714322221936583010,"En la primera vuelta, se puede votar por quien defienda la familia y represente sus valores y principios, por quien tenga experiencia y car√°cter para hacer contra peso a las medidas del gobierno nacional. #MolanoAlcalde https://t.co/yqeMSziAt3"
Diego,1714300472654258315,"Este 29 de octubre vota por el segundo en el tarjet√≥n, el primero en tu coraz√≥n, Diego Molano alcalde bogotano. #MolanoAlcalde https://t.co/h6DaDlaFrt"
Diego,1714300474545914350,"Vivir sin miedo es poder usar el celular tranquilo y que no sea parte del paisaje el robo de celulares a j√≥venes, estudiantes y ciudadanos. #MolanoAlcalde https://t.co/Ohw1hTp27K"
Diego,1714095976745496650,Est√° en riesgo la seguridad en Colombia por la ruptura de las relaciones con Israel. Este pa√≠s ha sido un aliado en la lucha contra el narcotrafico y la defensa de la soberan√≠a en el territorio.
Diego,1714091213068861934,Les comparto mi columna en @ELTIEMPO
Diego,1714078121362669595,Extorsi√≥n con artefactos explosivos en Bogot√° va a crecer si no se desmantelan las bandas criminales como el Tren de Aragua.
Diego,1714032919717503428,"#SucedeAhora | Se reporta una explosi√≥n al interior de un motel en Venecia, al parecer por una granada. La Polic√≠a Metropolitana de Bogot√° ofrece 10 millones por informaci√≥n de los delincuentes. Hasta el momento no se reportan muertos ni heridos ‚ñ∂Ô∏è https://t.co/WZluhDIE1y"
Diego,1714070850708672791,RT @@Diego_Molano denuncia ataque a su sede de campa√±a.
Diego,1713216221389189358,@Diego_Molano denuncia ataque a su sede de campa√±a.
Diego,1714070453893898435,"RT @Mi rechazo al vandalismo e intimidaci√≥n a la campa√±a a la alcaldia de Bogot√° de @Diego_Molano La democracia se defiende con argumentos, buenas propuestas, credibilidad, libertad de elegir y ser elegido. El 29 de octubre rechacemos los cercanos a v√°ndalos, criminales y carretudos."
Diego,1713327942598545875,"Mi rechazo al vandalismo e intimidaci√≥n a la campa√±a a la alcaldia de Bogot√° de @Diego_Molano La democracia se defiende con argumentos, buenas propuestas, credibilidad, libertad de elegir y ser elegido. El 29 de octubre rechacemos los cercanos a v√°ndalos, criminales y carretudos."
Diego,1713189246310252614,üî¥ TOTAL RECHAZO AL VANDALISMO | Sede de campa√±a del candidato a la Alcald√≠a @Diego_Molano amaneci√≥ vandalizada con pintura roja. Hasta el momento no hay un pronunciamiento oficial. https://t.co/uVZWimBYyP
Diego,1714070285693882491,RT @JaviPekerman: Hoy compartimos con @Diego_Molano https://t.co/8qUmlKD9Qa
Diego,1710807279107260709,Hoy compartimos con @Diego_Molano https://t.co/8qUmlKD9Qa
Diego,1713208088721842219,Me quieren silenciar porque soy el √∫nico que les hace frente.
Diego,1714069417640734878,RT @'Me quieren silenciar porque soy el √∫nico que les hace frente': En video qued√≥ captado el momento en el que vandalizaron la sede de campa√±a de Diego Molano. https://t.co/yK9H8X4kaK
Diego,1713283541050474930,'Me quieren silenciar porque soy el √∫nico que les hace frente': En video qued√≥ captado el momento en el que vandalizaron la sede de campa√±a de Diego Molano. https://t.co/yK9H8X4kaK
Diego,1714069511106695554,RT @ernestomaciast: .@Diego_Molano le estorba a la izquierda y por eso atacan su sede de campa√±a.
Diego,1713290641025745224,.@Diego_Molano le estorba a la izquierda y por eso atacan su sede de campa√±a.
